<?xml version="1.0" encoding="UTF-8"?>
<project-private xmlns="http://www.netbeans.org/ns/project-private/1">
    <editor-bookmarks xmlns="http://www.netbeans.org/ns/editor-bookmarks/2" lastBookmarkId="0"/>
    <open-files xmlns="http://www.netbeans.org/ns/projectui-open-files/2">
        <group>
            <file>file:/F:/NetBeans_Projects/%20Blood_Bank_Management_System/src/home.java</file>
            <file>file:/F:/NetBeans_Projects/%20Blood_Bank_Management_System/src/addNewDonor.java</file>
            <file>file:/F:/NetBeans_Projects/%20Blood_Bank_Management_System/src/allDonorDetails.java</file>
            <file>file:/F:/NetBeans_Projects/%20Blood_Bank_Management_System/src/login.java</file>
            <file>file:/F:/NetBeans_Projects/%20Blood_Bank_Management_System/src/updateDetailsDonor.java</file>
        </group>
    </open-files>
</project-private>
